<?xml version="1.0" encoding="utf-8"?>
<edmx:Edmx Version="3.0" xmlns:edmx="http://schemas.microsoft.com/ado/2009/11/edmx">
 <!-- EF Designer content (DO NOT EDIT MANUALLY BELOW HERE) -->
  <edmx:Designer xmlns="http://schemas.microsoft.com/ado/2009/11/edmx">
    <!-- Diagram content (shape and connector positions) -->
    <edmx:Diagrams>
      <Diagram DiagramId="0bcc4caabca74e5e99789e6dc58c11be" Name="Diagram1" >
        <EntityTypeShape EntityType="BD_Pousada.Funcionario" Width="1.5" PointX="3.5" PointY="3.375" />
        <EntityTypeShape EntityType="BD_Pousada.Cliente" Width="1.5" PointX="3.5" PointY="6.25" />
        <EntityTypeShape EntityType="BD_Pousada.Quarto" Width="1.5" PointX="3.5" PointY="0.5" />
        <EntityTypeShape EntityType="BD_Pousada.Reserva" Width="2.375" PointX="7" PointY="3.875" />
        <EntityTypeShape EntityType="BD_Pousada.Forma_Pagamento" Width="2.5" PointX="10.75" PointY="3.875" />
        <EntityTypeShape EntityType="BD_Pousada.Login" Width="1.5" PointX="0.5" PointY="3.5" />
        <AssociationConnector Association="BD_Pousada.FuncionarioReserva" />
        <AssociationConnector Association="BD_Pousada.ClienteReserva" />
        <AssociationConnector Association="BD_Pousada.QuartoReserva" />
        <AssociationConnector Association="BD_Pousada.Forma_PagamentoReserva" />
        <AssociationConnector Association="BD_Pousada.FuncionarioLogin" />
      </Diagram>
    </edmx:Diagrams>
  </edmx:Designer>
</edmx:Edmx>